Name,Context,Cleaned,Selective,Selective_Reduced,TF_Based
Backend Developer.docx,"Backend Developer - Python/Django



We are looking for Python/Django developers with 2-4 + years of experience to be part of our growing team. The role is of Python/Django Backend Web Developer who can handle the challenging work of Web applications development using Python / Django framework.

Required Skills:

Strong working knowledge of constructs of HTTP, RESTful APIs and WebSockets.

Build and maintain highly scalable Python processes for the purpose of data collection, manipulation, data pruning, trending and analytics, etc.

Strong understanding of Python and good knowledge of various Python Libraries (NumPy, Pandas, ORM libraries etc.), API's and toolkits

Able to integrate multiple data sources and databases into one system

Working knowledge of web templating engine for python such as Jinja2 etc

Ability to integrate user-facing elements developed by front-end developers with server-side logic.

Ability to integrate data storage solutions and caches.

Understanding of the threading limitations of Python, and multi-process architecture

Understanding of fundamental design principles behind a scalable application

Good understanding of event-driven programming in Python

Good knowledge of PostGRESQL

Able to create database schemas that represent and support business processes

Strong Analytical, Problem Solving & Innovative Skills.

Working knowledge of version control tools (GIT/SVN).

Experience/knowledge of working on the LINUX environment.

Attention to detail, problem-solver with strong analytical skill, good sense of urgency

Ability to carry out tasks without supervision and able to meet tight deadlines

Good Writing & Communication Skills. The candidate should be able to communicate with potential Clients and gather inputs/change requests.

Work with a performance oriented team driven by ownership and open to experiments

Strong interpersonal skills with excellent written and verbal communication

Responsibilities:

Develop back-end components to improve responsiveness and overall performance

Designing and implementing system architecture to handle scale

Coordinate with Frontend Dev team & Creating APIs (w/ DjangoRestFramework)

Integrating of web pages with Backend using templating engines for Python

Build bulletproof API integrations with third party APIs for various use cases

Good to have (Additional Skills):

Relevant full stack experience.

You've worked with core AWS services in the past and have experience with EC2, ELB, AutoScaling, CloudFront, S3

Demonstrable work/project portfolio online.

Working knowledge of front end technologies like Javascript, JQuery, HTML, and CSS

A good sense of design and aesthetics.

Experience/Zeal to work in a fast-paced startup environment.

Candidates who can join immediately will be preferredDevelop very high sense of ownership, the zeal to build scalable applications

Job Type: Full-time

Salary: ₹35,000.00 - ₹55,000.00 per month

Experience:

Django Development: 1 year (Preferred)

total work: 2 years (Preferred)

Education:

Bachelor's (Preferred)

Work Remotely:

Temporarily due to COVID-19",Backend developer PythonDjango look PythonDjango developer year experience part grow team role PythonDjango Backend web developer handle challenge work web application development use Python Django framework Required Skills strong work knowledge construct HTTP restful api WebSockets Build maintain highly scalable Python process purpose datum collection manipulation datum prune trend analytic strong understand Python good knowledge various Python Libraries NumPy Pandas ORM librarie api toolkit able integrate multiple datum source database system working knowledge web template engine python Jinja2 Ability integrate userface element develop frontend developer serverside logic ability integrate data storage solution cache understand threading limitation Python multiprocess architecture understand fundamental design principle scalable application good understand eventdriven program Python good knowledge postgresql able create database schema represent support business process Strong Analytical Problem Solving Innovative Skills Working knowledge version control tool GITSVN Experienceknowledge work LINUX environment attention detail problemsolver strong analytical skill good sense urgency ability carry task supervision able meet tight deadline Good write Communication Skills candidate able communicate potential client gather inputschange request work performance orient team drive ownership open experiment strong interpersonal skill excellent write verbal communication responsibility develop backend component improve responsiveness overall performance Designing implement system architecture handle scale Coordinate Frontend Dev team create api w DjangoRestFramework Integrating web page Backend use template engine Python Build bulletproof API integration third party api various use case Good Additional Skills relevant full stack experience work core AWS service experience EC2 ELB AutoScaling CloudFront S3 Demonstrable workproject portfolio online working knowledge front end technology Javascript JQuery HTML CSS good sense design aesthetic ExperienceZeal work fastpace startup environment candidate join immediately preferredDevelop high sense ownership zeal build scalable application Job Type Fulltime Salary month Experience Django Development year preferred total work year Preferred Education Bachelors Preferred work remotely temporarily due,ownership Skills Pandas frontend meet design Bachelors strong working team immediately framework Job CSS WebSockets supervision librarie implement eventdriven program Preferred service Dev Django Experience cache open core experience version role business problemsolver backend work Salary Ability datum JQuery DjangoRestFramework source sense Analytical EC2 ORM component stack AWS analytical tight process Python part Experienceknowledge restful w gather high purpose limitation principle API Development startup Backend multiprocess tool improve overall Demonstrable data carry interpersonal portfolio python Jinja2 Fulltime integrate Additional Solving preferred PythonDjango technology construct LINUX integration HTML Build relevant Innovative party challenge candidate represent Required drive scalable skill environment potential performance bulletproof multiple end handle Type engine page ELB Designing NumPy urgency write HTTP fastpace various support communication template Coordinate online Integrating GITSVN web task good excellent architecture temporarily communicate trend Problem collection experiment Good element ability front application scale case fundamental look system use serverside development join full CloudFront preferredDevelop client control threading understand analytic third storage month Communication Frontend AutoScaling api Javascript year request build able postgresql detail orient Libraries maintain schema manipulation grow due userface Working toolkit create deadline developer Strong logic S3 ExperienceZeal knowledge zeal database aesthetic responsibility total highly responsiveness Education prune remotely develop attention verbal inputschange workproject solution,ownership Pandas frontend meet design working team Job CSS WebSockets supervision librarie eventdriven program Preferred service Dev Django Experience cache core experience version role business work Salary Ability datum JQuery DjangoRestFramework source sense Analytical EC2 ORM component stack process Python part Experienceknowledge w purpose limitation principle API Development startup Backend multiprocess tool portfolio python Jinja2 Fulltime Additional Solving PythonDjango technology LINUX integration HTML Build Innovative party challenge candidate drive skill environment performance bulletproof end Type engine page ELB Designing NumPy urgency HTTP fastpace support communication template Coordinate online Integrating GITSVN web task architecture trend Problem collection experiment element ability application scale case look system serverside development CloudFront preferredDevelop client control threading storage month Communication Frontend AutoScaling api Javascript year request postgresql detail orient schema manipulation toolkit deadline developer logic S3 ExperienceZeal knowledge zeal database responsibility Education attention inputschange workproject solution,ability able additional aesthetic analytic analytical api application architecture attention autoscaling aws bachelors backend build bulletproof business cache candidate carry case challenge client cloudfront collection communicate communication component construct control coordinate core create css data database datum deadline demonstrable design designing detail dev develop developer development django djangorestframework drive due ec2 education elb element end engine environment eventdriven excellent experience experienceknowledge experiencezeal experiment fastpace framework front frontend full fulltime fundamental gather gitsvn good grow handle high highly html http immediately implement improve innovative inputschange integrate integrating integration interpersonal javascript jinja2 job join jquery knowledge librarie libraries limitation linux logic look maintain manipulation meet month multiple multiprocess numpy online open orient orm overall ownership page pandas part party performance portfolio postgresql potential preferred preferreddevelop principle problem problemsolver process program prune purpose python pythondjango relevant remotely represent request required responsibility responsiveness restful role s3 salary scalable scale schema sense serverside service skill skills solution solving source stack startup storage strong supervision support system task team technology template temporarily third threading tight tool toolkit total trend type understand urgency use userface various verbal version web websockets work working workproject write year zeal
Data Scientist.docx,"Data Scientist/ ML Engineer

Game Change Solutions

-

Gurgaon, Haryana

Temporarily remote

₹20,00,000 - ₹25,00,000 a year

We are looking for a data scientist that will help us discover the information hidden in vast amounts of data and help us make smarter decisions to deliver even better products. Your primary focus will be in applying data mining techniques, doing statistical analysis, and building high quality prediction systems integrated with our products. Data Scientist at GameChange must be an energetic self-starter who can quickly grasp the company’s vision, develop specific tactical plans, and begin implementation upon appropriate approvals. The candidate must be resourceful and able to deliver on a plan defined.

Responsibilities –

Data Crunching and data massaging on structured and unstructured data including Numerical, Text,

Audio and Video data

Implementation/fine-tuning of machine learning algorithms

Conducting Data science/machine learning experiments and presenting insights

Building innovative data products using cutting edge tools and technologies

Conduct data analysis independently or with limited supervision to generate business insights

Conduct diagnostic on the data to identify the improvement opportunities, design data-backed

performance improvement strategy, liaise with internal teams

Record keeping and data warehousing to enable Advanced Analytics operations for generating

meaningful business insights

Develop high quality client deliverables such as R models, Python scripts etc.

Skills required -

Excellent understanding of machine learning techniques and algorithms, such as k-NN, Naive Bayes,

SVM, Decision Forests, CNN, RNN, LSTM etc.

Experience with common data science toolkits, such as R, Weka, NumPy, OpenCV, MatLab, etc.

Great communication skills

Experience with data visualisation tools, such as D3.js, GGplot, etc.

Proficiency in using query languages such as SQL, Hive, Pig

Experience with NoSQL databases, such as MongoDB, Cassandra, HBase

Good applied statistics skills, such as distributions, statistical testing, regression, etc.

Good scripting and programming skills

Job Type: Full-time

Salary: ₹2,000,000.00 - ₹2,500,000.00 per year

Experience:

Data Science: 2 years (Preferred)

work: 1 year (Preferred)

Education:

Bachelor's (Preferred)",Data Scientist ML Engineer Game Change Solutions Gurgaon Haryana temporarily remote year look data scientist help discover information hide vast amount datum help make smart decision deliver even well product primary focus apply datum mining technique statistical analysis build high quality prediction system integrate product Data Scientist GameChange energetic selfstarter quickly grasp company vision develop specific tactical plan begin implementation appropriate approval candidate resourceful able deliver plan define Responsibilities Data Crunching datum massage structure unstructured datum include Numerical Text Audio video data implementationfinetune machine learn algorithm conduct Data sciencemachine learn experiment present insight build innovative data product use cut edge tool technology Conduct datum analysis independently limit supervision generate business insight conduct diagnostic datum identify improvement opportunity design databacke performance improvement strategy liaise internal team record keep datum warehousing enable Advanced Analytics operation generate meaningful business insight develop high quality client deliverable r model Python script skill require excellent understanding machine learn technique algorithm kNN Naive Bayes SVM decision forest CNN RNN lstm experience common datum science toolkit R Weka NumPy opencv MatLab great communication skill experience datum visualisation tool D3js GGplot Proficiency use query language SQL Hive Pig Experience NoSQL database MongoDB Cassandra HBase Good apply statistic skill distribution statistical testing regression good scripting programming skill Job Type Fulltime Salary year Experience Data Science year preferred work year Preferred Education Bachelors Preferred,information design operation r Bachelors team quickly NoSQL Weka Job require supervision statistic energetic Conduct GGplot distribution Preferred begin Experience experience diagnostic HBase apply plan Naive specific business selfstarter work common Salary datum science learn Game include RNN liaise Python high regression analysis present Audio SQL decision Text tool mining kNN Scientist data machine primary Advanced understanding SVM MongoDB Fulltime script integrate opportunity preferred make independently technology vision innovative meaningful technique candidate Solutions generate warehousing skill vast performance model prediction amount Type Hive quality ML Numerical NumPy CNN Engineer focus communication visualisation strategy opencv cut excellent good temporarily D3js testing experiment Good insight keep grasp language look Change system use Pig structure even implementationfinetune client databacke identify well implementation year build deliver able unstructured improvement deliverable company appropriate enable Cassandra forest Haryana lstm algorithm Bayes great MatLab programming R GameChange product Analytics conduct toolkit scripting massage Gurgaon smart Science define approval database hide sciencemachine discover tactical internal Proficiency help Data scientist video limit edge Education develop query remote statistical Responsibilities resourceful record Crunching,information design operation r Bachelors team NoSQL Weka Job supervision Conduct GGplot distribution Preferred Experience experience HBase plan Naive business selfstarter Salary datum science Game RNN liaise Python regression analysis SQL decision Text tool mining Scientist data machine understanding SVM MongoDB Fulltime script integrate opportunity technology vision technique candidate warehousing skill performance model prediction amount Type Hive quality ML Numerical NumPy CNN Engineer focus communication visualisation strategy opencv experiment insight grasp language look Change system Pig structure implementationfinetune client databacke implementation year improvement company Cassandra forest Haryana algorithm Bayes MatLab programming R GameChange product toolkit scripting massage Gurgaon Science approval database sciencemachine Proficiency help Data scientist video limit edge Education query record Crunching,able advanced algorithm amount analysis analytics apply appropriate approval audio bachelors bayes begin build business candidate cassandra change client cnn common communication company conduct crunching cut d3js data databacke database datum decision define deliver deliverable design develop diagnostic discover distribution edge education enable energetic engineer even excellent experience experiment focus forest fulltime game gamechange generate ggplot good grasp great gurgaon haryana hbase help hide high hive identify implementation implementationfinetune improvement include independently information innovative insight integrate internal job keep knn language learn liaise limit look lstm machine make massage matlab meaningful mining ml model mongodb naive nosql numerical numpy opencv operation opportunity performance pig plan prediction preferred present primary product proficiency programming python quality query quickly record regression remote require resourceful responsibilities rnn salary science sciencemachine scientist script scripting selfstarter skill smart solutions specific sql statistic statistical strategy structure supervision svm system tactical team technique technology temporarily testing text tool toolkit type understanding unstructured use vast video vision visualisation warehousing weka well work year
Global Industry Content Manager.docx,"Global Industry Content Manager

Minimum qualifications:

Bachelor's degree or equivalent practical experience

10 years of work experience in product management, product marketing, or equivalent experience in the enterprise software technology industry in Telco

Experience working with global cross-functional teams

Preferred qualifications:

Experience with Cloud solutions, including their application to solving customer business problems

Expertise in cloud technology and/or demonstrated proficiency with cloud messaging and productivity tools

Ability to take complex business challenges and/or solutions and structure them in a way that is simple and meaningful for a specific audience

Comfortable working in a fast growing, dynamic and often ambiguous environment across multiple time zones

Excellent verbal and written communications skills, with awareness of cross-cultural, cross-audience, multimedia and data-driven communications

About the job

Google is developing groundbreaking cloud solutions for companies, leveraging years of experience in building secure, reliable, and scalable cloud technology. With excellent Google differentiation in data analytics and machine learning, security, application development and collaboration software, we’re well on our way -- but we need more people who can help us write and tell that story. If you’re as excited about building what’s next as we are, Google Cloud is the place for you.

As a Global Industry Content Manager, you will be responsible for positioning our solutions in the context of industry-specific challenges faced by customers and empowering our sellers to have business value conversations. You will partner closely with the Global Solutions Leadership Team and Sales Enablement to develop content to support Google Cloud’s industry solutions roadmap and roll out industry-specific enablement programs to field sellers.

In this role, you will ensure sellers are equipped to speak the language of their customers, be focused on the business outcomes of the customer base and have the highest priority at executive levels. A pivot to Industry Solutions and Value Selling is a key focus for Google Cloud and you will play a critical role in this journey.

Google Cloud provides organizations with leading infrastructure, platform capabilities and industry solutions. We deliver enterprise-grade cloud solutions that leverage Google’s cutting-edge technology to help companies operate more efficiently and adapt to changing needs, giving customers a foundation for the future. Customers in more than 150 countries turn to Google Cloud as their trusted partner to solve their most critical business problems.

Responsibilities

Partner with Global Industry Solutions Leaders and Value Engineering to define an Industry Bill of Materials based on industry solutions roadmap.

Develop customer-facing content, positioning the value of Google Cloud to solve industry-specific challenges.

Deliver industry news, insights and implications to shape industry narratives and educate vertical communities.

Collaborate with Sales and Partner Enablement teams to activate and train sellers and partners on industry content across a variety of channels (e-learning modules, in-person training).

Manage industry portals to deliver content and industry community engagement for sellers and external partners.",Global Industry Content Manager Minimum qualification Bachelors degree equivalent practical experience year work experience product management product marketing equivalent experience enterprise software technology industry telco experience work global crossfunctional team preferred qualification Experience Cloud solution include application solve customer business problem Expertise cloud technology andor demonstrate proficiency cloud message productivity tool ability take complex business challenge andor solution structure way simple meaningful specific audience comfortable work fast grow dynamic often ambiguous environment multiple time zone excellent verbal write communication skill awareness crosscultural crossaudience multimedia datadriven communication job Google develop groundbreaking cloud solution company leverage year experience building secure reliable scalable cloud technology excellent Google differentiation datum analytic machine learn security application development collaboration software well way need people help write tell story re excited building s next Google Cloud place Global Industry Content Manager responsible positioning solution context industryspecific challenge face customer empower seller business value conversation partner closely Global Solutions Leadership Team Sales Enablement develop content support Google Clouds industry solution roadmap roll industryspecific enablement program field seller role ensure seller equip speak language customer focus business outcome customer base high priority executive level pivot Industry Solutions Value sell key focus Google Cloud play critical role journey Google Cloud provide organization lead infrastructure platform capability industry solution deliver enterprisegrade cloud solution leverage Googles cuttingedge technology help company operate efficiently adapt change need give customer foundation future customer country turn Google Cloud trust partner solve critical business problem Responsibilities Partner Global Industry Solutions Leaders Value Engineering define Industry Bill Materials base industry solution roadmap develop customerface content positioning value Google Cloud solve industryspecific challenge deliver industry news insight implication shape industry narrative educate vertical community Collaborate Sales Partner Enablement team activate train seller partner industry content variety channel elearne module inperson training manage industry portal deliver content industry community engagement seller external partner,excited provide speak re Bachelors awareness Leaders team context narrative way industry Partner program closely Experience roadmap experience train play operate specific crosscultural role key business platform work leverage datum zone vertical turn Leadership learn solve outcome include empower Value cloud qualification demonstrate s level foundation field high Engineering priority variety next lead journey country positioning tool give Minimum comfortable often capability machine problem organization equivalent practical preferred security technology degree roll Global meaningful adapt management Googles challenge Google Solutions Enablement seller Content base Manager skill scalable cuttingedge environment software face Expertise multiple Sales module marketing job datadriven sell activate write ambiguous equip simple support news change shape focus communication industryspecific customerface tell Bill excellent need dynamic implication multimedia portal take community insight solution ability enterprisegrade application language enterprise engagement trust structure development infrastructure future people complex external content global analytic responsible collaboration ensure executive well pivot year deliver Team inperson company differentiation partner proficiency conversation enablement message efficiently crossfunctional reliable Collaborate grow product Cloud building customer Materials time productivity secure define elearne place fast help critical educate training crossaudience Clouds channel manage develop story andor verbal Responsibilities audience Industry groundbreaking telco value,provide speak Bachelors awareness team context way industry Partner program Experience roadmap experience train play role business platform work leverage datum zone vertical turn Leadership outcome Value cloud qualification s level foundation field Engineering priority variety lead journey country positioning tool capability machine problem organization security technology degree roll Global adapt management Googles challenge Google Enablement seller Content base Manager skill cuttingedge environment software Expertise module marketing job sell activate equip support news change shape focus communication customerface Bill implication multimedia portal community insight solution ability enterprisegrade application language enterprise engagement trust structure development infrastructure content collaboration year Team inperson company differentiation partner proficiency conversation enablement message Collaborate product Cloud building customer time productivity place help training crossaudience channel manage story andor Responsibilities audience Industry groundbreaking telco value,ability activate adapt ambiguous analytic andor application audience awareness bachelors base bill building business capability challenge change channel closely cloud clouds collaborate collaboration comfortable communication community company complex content context conversation country critical crossaudience crosscultural crossfunctional customer customerface cuttingedge datadriven datum define degree deliver demonstrate develop development differentiation dynamic educate efficiently elearne empower enablement engagement engineering ensure enterprise enterprisegrade environment equip equivalent excellent excited executive experience expertise external face fast field focus foundation future give global google googles groundbreaking grow help high implication include industry industryspecific infrastructure inperson insight job journey key language lead leaders leadership learn level leverage machine manage management manager marketing materials meaningful message minimum module multimedia multiple narrative need news next often operate organization outcome partner people pivot place platform play portal positioning practical preferred priority problem product productivity proficiency program provide qualification re reliable responsibilities responsible roadmap role roll sales scalable secure security sell seller shape simple skill software solution solutions solve speak specific story structure support take team technology telco tell time tool train training trust turn value variety verbal vertical way well work write year zone
HTML Developer.docx,"HTML Developer

Slidesigma India LLC is a web design and development company based in South Delhi. Due to the active COVID-19 crisis, we are working remotely. We are looking for an HTML developer with up to 3 years of experience. You are expected to work full-time and will be collaborating with our team and supervisors virtually.

Years of Experience:

3 years experience

Language:

Must speak English well

Duties and Requirements

- Writes flawless code

- Proficient with HTML, HTML5, CSS and CSS3

- Converting PSD to HTML

- Other basic duties and research as required

Working days and times:

Monday - Saturday, 10:00 a.m. - 6:00 p.m.

Contract length: 12 months

Job Types: Full-time, Contract

Salary: Up to ₹17,000.00 per month

Experience:

CSS/CSS3: 3 years (Required)

work: 3 years (Required)

total work: 3 years (Required)

Education:

Bachelor's (Required)

Language:

English (Preferred)

Programming Languages needed:

CSS (Required)",HTML Developer Slidesigma India LLC web design development company base South Delhi active crisis working remotely look HTML developer year experience expect work fulltime collaborating team supervisor virtually Years Experience year experience Language speak English well Duties Requirements write flawless code Proficient HTML HTML5 CSS CSS3 Converting PSD HTML other basic duty research require Working day time Monday Saturday pm Contract length month Job Types Fulltime Contract Salary up month experience CSSCSS3 year require work year required total work year Required Education Bachelors Required Language English Preferred Programming Languages need CSS Required,CSSCSS3 Types speak well Saturday design year pm Bachelors working write team company Job Developer collaborating supervisor CSS research fulltime require Preferred length Delhi Experience HTML5 PSD experience web Working Fulltime English Language required duty developer CSS3 crisis Requirements Proficient Converting need time Slidesigma HTML work virtually Salary total active look Monday South Duties day flawless Education Languages development code Years remotely base Required Programming LLC other Contract basic India up expect month,CSSCSS3 Saturday design year pm write team company Job Developer collaborating supervisor CSS research fulltime Preferred length Delhi Experience HTML5 PSD experience web Working Fulltime English Language duty developer CSS3 crisis Requirements Proficient Converting time Slidesigma HTML work Salary look Monday South day flawless Education Languages development code Required Programming LLC Contract India month,active bachelors base basic code collaborating company contract converting crisis css css3 csscss3 day delhi design developer development duties duty education english expect experience flawless fulltime html html5 india job language languages length llc look monday month need other pm preferred proficient programming psd remotely require required requirements research salary saturday slidesigma south speak supervisor team time total types up virtually web well work working write year years
IT Project Manager.docx,"IT Project Manager

Roles and Responsibilities

Accomplishes information technology staff results by communicating job expectations; planning, monitoring, and appraising job results; coaching, counseling, and disciplining employees; initiating, coordinating, and enforcing systems, policies, and procedures.

Maintains staff by recruiting, selecting, orienting, and training employees; maintaining a safe and secure work environment; developing personal growth opportunities.

Maintains organization's effectiveness and efficiency by defining, delivering, and supporting strategic plans for implementing information technologies.

Directs technological research by studying organization goals, strategies, practices, and user projects.

Completes projects by coordinating resources and timetables with user departments and data center.

Verifies application results by conducting system audits of technologies implemented.

Preserves assets by implementing disaster recovery and back-up procedures and information security and control structures.

Recommends information technology strategies, policies, and procedures by evaluating organization outcomes; identifying problems; evaluating trends; anticipating requirements.

Accomplishes financial objectives by forecasting requirements; preparing an annual budget; scheduling expenditures; analyzing variances; initiating corrective action.

Maintains quality service by establishing and enforcing organization standards.

Maintains professional and technical knowledge by attending educational workshops; reviewing professional publications; establishing personal networks; benchmarking state-of-the-art practices; participating in professional societies.

Contributes to team effort by accomplishing related results as needed.

Desired Candidate Profile

Qualification:

B.e/B.tech/MCA/Msc/M.e-IT/Computer science

Experience: Minimum 1 year as project manager",IT Project Manager Roles Responsibilities accomplish information technology staff result communicate job expectation plan monitoring appraise job result coach counseling discipline employee initiate coordinate enforce system policy procedure Maintains staff recruit select orient training employee maintain safe secure work environment develop personal growth opportunity maintain organization effectiveness efficiency define deliver support strategic plan implement information technology direct technological research study organization goal strategy practice user project Completes project coordinate resource timetable user department datum center Verifies application result conduct system audits technology implement Preserves asset implement disaster recovery backup procedure information security control structure recommend information technology strategy policie procedure evaluate organization outcome identify problem evaluate trend anticipate requirement accomplish financial objective forecasting requirement prepare annual budget scheduling expenditure analyze variance initiate corrective action Maintains quality service establish enforce organization standard maintain professional technical knowledge attend educational workshop review professional publication establish personal network benchmarke stateoftheart practice participate professional society Contributes team effort accomplish relate result need desire Candidate Profile Qualification bebtechmcamscmeitcomputer science Experience Minimum year project manager,standard information Verifies budget team personal safe attend implement bebtechmcamscmeitcomputer expectation coordinate service relate Experience timetable plan staff backup Project project effort desire work anticipate datum society employee policie Qualification coach outcome science department manager goal Preserves financial growth initiate appraise disaster network workshop Candidate review Minimum problem IT benchmarke organization Contributes educational opportunity security technology efficiency technological result technical action Manager environment recruit effectiveness stateoftheart publication variance job quality Completes support research strategy objective practice direct communicate need trend Roles application procedure policy requirement system resource discipline prepare structure recommend expenditure Maintains Profile control scheduling asset identify year forecasting deliver orient recovery maintain select monitoring conduct study knowledge user accomplish define annual secure professional counseling enforce training participate corrective center strategic analyze develop Responsibilities evaluate audits establish,information Verifies budget team attend bebtechmcamscmeitcomputer expectation coordinate service relate Experience timetable plan staff Project project effort desire work datum society employee policie Qualification coach outcome science department manager goal growth initiate appraise disaster network workshop Candidate review problem IT benchmarke organization opportunity security technology efficiency result action Manager environment recruit effectiveness publication variance job quality research strategy objective communicate trend application procedure policy requirement system resource discipline prepare structure recommend expenditure Profile control scheduling asset year forecasting orient recovery monitoring conduct study knowledge user accomplish counseling training analyze audits,accomplish action analyze annual anticipate application appraise asset attend audits backup bebtechmcamscmeitcomputer benchmarke budget candidate center coach communicate completes conduct contributes control coordinate corrective counseling datum define deliver department desire develop direct disaster discipline educational effectiveness efficiency effort employee enforce environment establish evaluate expectation expenditure experience financial forecasting goal growth identify implement information initiate it job knowledge maintain maintains manager minimum monitoring need network objective opportunity organization orient outcome participate personal plan policie policy practice prepare preserves problem procedure professional profile project publication qualification quality recommend recovery recruit relate requirement research resource responsibilities result review roles safe scheduling science secure security select service society staff standard stateoftheart strategic strategy structure study support system team technical technological technology timetable training trend user variance verifies work workshop year
Lead Technical Program Manager.docx,"Lead Technical Program Manager, Site Reliability Engineering

Minimum qualifications:



Bachelor's degree in Computer Science, a related technical field or equivalent practical experience.

Experience managing end-to-end lifecycle of technical projects.

Experience with Unix/Linux systems with scripting experience in Shell, Perl or Python.

Experience in one or more of the following: C, C++, Java, Python.

Preferred qualifications:



Program management or technical management experience leading large-scale, cross-functional, and dynamic technical projects.

Software engineering management or project management expertise.

Ability to define strategic goals and organize a team and their services around delivering on those goals.

Leadership skills and a passion for growing and building an effective TPM function within an SRE organization.

Excellent communication skills, with ability to articulate your thoughts clearly and communicate across a wide variety of functions (SRE, Engineering) and levels.

About the job

Google's projects, like our users, span the globe and require managers to keep the big picture in focus while being able to dive into the unique engineering challenges we face daily. As a Technical Program Manager at Google, you lead complex, multi-disciplinary engineering projects using your engineering expertise. You plan requirements with internal customers and usher projects through the entire project lifecycle. This includes managing project schedules, identifying risks and clearly communicating them to project stakeholders. You're equally at home explaining your team's analyses and recommendations to executives as you are discussing the technical trade-offs in product development with engineers.



In this role you will manage a group of Technical Program Managers (TPMs) working across a multitude of product groups who manage complex programs. The TPM role in SRE is at the core of preparing for the continued exponential growth of Google and other programs in Technical Infrastructure. TPMs play a pivotal role in ensuring that Google services/infrastructure are carefully planned and deployed in a time, place, and configuration which is ideal for serving Google's users. Your role sits at a nexus of capacity planning, technical project execution, product planning, site reliability and software engineering.



Your leadership abilities will be drawn upon to assist the TPM function in delivering large, highly complex and cross-functional programs. You will be equally at home explaining analyses and project recommendations to executives as you are discussing the technical merits of next-generation architectures with engineers, or building tools to automate and scale their impact.



Behind everything our users see online is the architecture built by the Technical Infrastructure team to keep it running. From developing and maintaining our data centers to building the next generation of Google platforms, we make Google's product portfolio possible. We're proud to be our engineers' engineers and love voiding warranties by taking things apart so we can rebuild them. We keep our networks up and running, ensuring our users have the best and fastest experience possible.



Responsibilities

Manage a team of TPMs working across all core networking groups and assist where necessary to ensure successful delivery of multiple programs concurrently. 

Assist Director on operational management of Product Area.

Collaborate with SRE leadership in key program decision making - including scope definition, requirements gathering, staffing, planning and execution of programs. 

Work with cross-functional partners and manage the intake of work into teams in a process and scalable driven fashion. 

Be responsible for the people and career development of TPMs and working to identify opportunities for exciting career challenges. Ensure there is flexibility and mobility opportunities also.",Lead Technical Program Manager Site Reliability Engineering Minimum qualification Bachelors degree Computer Science relate technical field equivalent practical experience experience managing endtoend lifecycle technical project Experience UnixLinux system scripting experience Shell Perl Python experience follow c c Java Python Preferred qualification Program management technical management experience lead largescale crossfunctional dynamic technical project Software engineering management project management expertise ability define strategic goal organize team service deliver goal leadership skill passion grow building effective TPM function SRE organization excellent communication skill ability articulate thought clearly communicate wide variety function SRE Engineering level job Googles project user span globe require manager keep big picture focus able dive unique engineering challenge face daily Technical Program Manager Google lead complex multidisciplinary engineering project use engineering expertise plan requirement internal customer usher project entire project lifecycle include manage project schedule identify risk clearly communicate project stakeholder re equally home explain team analyse recommendation executive discuss technical tradeoffs product development engineer role manage group Technical Program manager tpm work multitude product group manage complex program TPM role sre core prepare continue exponential growth Google program Technical Infrastructure tpm play pivotal role ensure Google servicesinfrastructure carefully plan deploy time place configuration ideal serve Googles user role sit nexus capacity plan technical project execution product planning site reliability software engineering leadership ability draw assist TPM function deliver large highly complex crossfunctional program equally home explain analyse project recommendation executive discuss technical merit nextgeneration architecture engineer building tool automate scale impact user see online architecture build Technical Infrastructure team keep run develop maintain data center build next generation Google platform make Googles product portfolio possible be proud engineer engineer love void warranty take thing apart rebuild keep network run ensure user well fast experience possible responsibility manage team tpm work core networking group assist necessary ensure successful delivery multiple program concurrently Assist Director operational management Product Area Collaborate SRE leadership key program decision making include scope definition requirement gather staffing planning execution program work crossfunctional partner manage intake work team process scalable drive fashion be responsible people career development tpm work identify opportunity exciting career challenge Ensure flexibility mobility opportunity also,possible career proud re Bachelors large team Product organize require program Preferred service relate necessary Experience core experience lifecycle plan span play role home leadership Java key project effective Lead stakeholder platform work run intake include Site manager engineer picture SRE process qualification Python level goal explain Engineering field gather growth equally variety reliability decision also next lead network Ensure Technical schedule tool Minimum void Perl discuss data networking risk portfolio be organization follow unique nexus scope carefully servicesinfrastructure Assist equivalent opportunity practical make degree staffing sre ideal technical group management Googles challenge big analyse articulate Google warranty continue Reliability Manager skill multidisciplinary UnixLinux scalable wide successful drive site managing face software globe capacity multiple job dive configuration draw usher largescale focus communication Computer fashion see definition nextgeneration online exciting TPM assist automate excellent architecture communicate dynamic take pivotal keep ability deploy impact scale Program requirement system use prepare development expertise people Infrastructure complex daily concurrently Director generation merit thought responsible Software ensure love identify executive engineering well build deliver able endtoend apart partner tradeoffs crossfunctional exponential maintain Shell Collaborate grow product multitude operational building scripting delivery serve Science user function customer define time c execution planning responsibility clearly internal place passion sit fast highly center strategic entire thing rebuild manage develop tpm Area recommendation making mobility flexibility,career Bachelors team Product organize program Preferred service Experience core experience lifecycle plan span role home leadership Java project Lead stakeholder platform work run intake Site manager engineer picture SRE process qualification Python level goal Engineering field growth variety reliability decision lead network Ensure schedule tool Perl risk portfolio organization nexus scope servicesinfrastructure Assist opportunity degree staffing sre group management Googles analyse Google warranty Reliability Manager skill multidisciplinary UnixLinux drive site face software globe capacity job dive configuration largescale focus communication Computer fashion definition nextgeneration TPM assist architecture dynamic keep ability impact scale Program requirement system development expertise Infrastructure Director generation merit Software love engineering partner exponential Shell Collaborate product building scripting delivery Science user function customer define time c execution planning responsibility place passion thing manage Area recommendation mobility flexibility,ability able also analyse apart architecture area articulate assist automate bachelors be big build building capacity career carefully center challenge clearly collaborate communicate communication complex computer concurrently configuration continue core crossfunctional customer daily data decision define definition degree deliver delivery deploy develop development director discuss dive draw drive dynamic effective endtoend engineer engineering ensure entire equally equivalent excellent exciting execution executive experience expertise explain exponential face fashion fast field flexibility focus follow function gather generation globe goal google googles group grow growth highly home ideal identify impact include infrastructure intake internal java job keep key large largescale lead leadership level lifecycle love maintain make making manage management manager managing merit minimum mobility multidisciplinary multiple multitude necessary network networking next nextgeneration nexus online operational opportunity organization organize partner passion people perl picture pivotal place plan planning platform play portfolio possible practical preferred prepare process product program project proud python qualification re rebuild recommendation relate reliability require requirement responsibility responsible risk role run scalable scale schedule science scope scripting see serve service servicesinfrastructure shell sit site skill software span sre staffing stakeholder strategic successful system take team technical thing thought time tool tpm tradeoffs unique unixlinux use user usher variety void warranty well wide work
Revenue Reporting Data Analyst.docx,"Revenue Reporting Data Analyst, Business Finance Accounting



Minimum qualifications:



Bachelor's degree in Accounting, Finance, Business, Engineering or Data Science or equivalent practical experience.

4 years of relevant work experience.

Database experience including SQL coding across standard commercial databases or equivalent in other programming languages.

Experience with standard finance systems (e.g. Oracle, Hyperion, OBIEE, SAP) and core finance processes.

Preferred qualifications:



Experience driving operational process improvement.

Experience developing and analyzing large, complex data sets and converting them into information/insights that drive business decisions at all levels of the organization.

Ability to multi-task and apply initiative and creativity on challenging projects.

Distinctive problem-solving and analytical skills combined with strong business acumen.

Exemplary customer service and tactful communication skills, both spoken and written.

Exceptional analytical and technical problem solving skills.

About the job

Analysts on the Business Finance and Accounting Systems team collaborate with multiple teams to ensure that we have robust, scalable data and reporting processes to support our business partners to deliver on internal and external data requests.



As a Revenue Reporting Data Analyst, you will be focused on executing on internal and external data and reporting requests, including implementing opportunities to optimize our reporting data infrastructure. You will work well with other teams, provide outstanding customer service, deliver on deadlines, and produce flawless work. This role will partner with our Accounting Operations, Tax, External Reporting and Legal teams to provide timely data to manage financial risk, educate users on Google’s revenue data sets and drive efficiency improvements, ensuring that partners can adhere to regulatory requirements. You will also work closely with these teams to develop scalable data solutions for accounting and reporting processes.



Responsibilities

Work with cross-functional departments on reporting data and system initiatives.

Utilize SQL coding to provide financial data for internal and external financial reporting.

Critically evaluate data gathered from multiple sources, identify gaps, reconcile conflicts and decompose high-level information into details to drive decision-making.

Partner with internal teams to define and implement data solutions that improve accounting and reporting processes and architect innovative data solutions to automate and scale revenue reporting.

Maintain highest levels of development practices including technical design, solution development, systems configuration, test documentation/execution, issue identification and resolution, and writing clean, modular and self-sustaining code.",Revenue Reporting Data Analyst Business Finance Accounting Minimum qualification Bachelors degree Accounting Finance Business Engineering Data Science equivalent practical experience year relevant work experience database experience include SQL code standard commercial database equivalent programming language experience standard finance system eg Oracle Hyperion OBIEE SAP core finance process preferred qualification experience drive operational process improvement experience develop analyze large complex datum set convert informationinsight drive business decision level organization ability multitask apply initiative creativity challenge project distinctive problemsolve analytical skill combine strong business acumen exemplary customer service tactful communication skill write exceptional analytical technical problem solve skill job Analysts Business Finance Accounting Systems team collaborate multiple team ensure robust scalable datum reporting process support business partner deliver internal external datum request Revenue Reporting Data Analyst focus execute internal external datum report request include implement opportunity optimize report data infrastructure work well team provide outstanding customer service deliver deadline produce flawless work role partner Accounting Operations Tax External Reporting legal team provide timely datum manage financial risk educate user Googles revenue datum set drive efficiency improvement ensure partner adhere regulatory requirement also work closely team develop scalable data solution account reporting process Responsibilities Work crossfunctional department report datum system initiative Utilize SQL coding provide financial datum internal external financial reporting critically evaluate datum gather multiple source identify gap reconcile conflict decompose highlevel information detail drive decisionmake Partner internal team define implement data solution improve accounting reporting process architect innovative datum solution automate scale revenue reporting maintain high level development practice include technical design solution development system configuration test documentationexecution issue identification resolution write clean modular selfsustaining code,provide standard conflict information design Bachelors strong large team distinctive initiative Work account implement Partner architect accounting service closely reconcile critically core experience robust apply eg role Operations project business produce gap work legal datum Oracle source solve informationinsight include department creativity analytical process Utilize qualification level Engineering financial high reporting gather outstanding SQL decision also resolution Minimum improve data execute risk problem organization test convert equivalent Business problemsolve report practical exceptional preferred opportunity decompose efficiency degree finance Accounting regulatory relevant adhere innovative technical Googles challenge Hyperion drive Tax skill scalable selfsustaining multiple job External configuration write Systems support tactful acumen focus communication revenue highlevel set practice identification automate documentationexecution optimize commercial multitask ability SAP scale language Finance exemplary requirement system development infrastructure complex external issue ensure identify well year request deliver improvement detail Analyst partner combine crossfunctional programming maintain timely operational deadline modular Science customer user coding define database clean internal educate Reporting Data flawless decisionmake collaborate code Revenue analyze develop manage Responsibilities OBIEE evaluate Analysts solution,conflict information design team initiative Work account implement Partner architect accounting service core experience robust eg role Operations project business gap datum Oracle source informationinsight department creativity process Utilize qualification level Engineering reporting SQL decision risk problem organization test Business problemsolve opportunity decompose efficiency degree finance Accounting Googles challenge Hyperion drive Tax skill job configuration communication revenue highlevel set practice identification automate documentationexecution optimize multitask ability SAP scale language Finance requirement system development infrastructure issue year request improvement detail Analyst partner programming deadline Science customer user coding define database educate Reporting Data flawless decisionmake collaborate code Revenue analyze OBIEE solution,ability account accounting acumen adhere also analyst analysts analytical analyze apply architect automate bachelors business challenge clean closely code coding collaborate combine commercial communication complex configuration conflict convert core creativity critically crossfunctional customer data database datum deadline decision decisionmake decompose define degree deliver department design detail develop development distinctive documentationexecution drive educate efficiency eg engineering ensure equivalent evaluate exceptional execute exemplary experience external finance financial flawless focus gap gather googles high highlevel hyperion identification identify implement improve improvement include information informationinsight infrastructure initiative innovative internal issue job language large legal level maintain manage minimum modular multiple multitask obiee operational operations opportunity optimize oracle organization outstanding partner practical practice preferred problem problemsolve process produce programming project provide qualification reconcile regulatory relevant report reporting request requirement resolution responsibilities revenue risk robust role sap scalable scale science selfsustaining service set skill solution solve source sql standard strong support system systems tactful tax team technical test timely user utilize well work write year
Senior Product Manager.docx,"Senior Product Manager, Hardware Enablement, Chrome OS Platform

Minimum qualifications:

Bachelor's degree in Computer Science, related technical field or equivalent practical experience.

5 years of product management experience leading consumer electronics/hardware products.

Experience working with SoC manufacturers and/or consumer electronics OEMs.

Experience managing a team of product managers.

Preferred qualifications:

8 years of product management experience leading consumer electronics/hardware from inception to large scale user adoption.

2 years of experience working with computer or mobile SoC manufacturers.

Experience managing day-to-day technical and design direction.

Knowledge of multiple functional areas such as Product Management, Engineering, UX/UI, Sales, Customer Support, Finance or Marketing.

About the job

In this role, you will lead a global team of product managers focused on strategy and execution for reference designs which enable an ecosystem of Chrome OS devices. As the team leader of platform hardware enablement, you will partner closely with hardware and software engineering teams and business leaders internally at Google as well as externally with key partners: SoC manufacturers, ODMs, and OEMs.

In addition to device bring-up, you will own a holistic strategy and roadmap for Chrome OS, focusing on our ecosystem scaling initiatives as well as initiatives to reduce device bring-up time and accelerate time-to-market. These important initiatives will enable more users to be able to enjoy the speed, security, smarts, and simplicity of the Chrome OS operating system across education, consumer, and enterprise markets.

Google aims to build products that organize the world's information and make it universally accessible to our users. As a Product Manager at Google, you could be working on new technologies, platforms, consumer facing products, and/or enterprise systems. The end goal will be to match you with the team that best aligns with your interests, experience, and where you will have the most impact.

Responsibilities

Lead a global team of product managers in designing and executing on a roadmap of hardware reference designs for Chrome OS devices, combining deep technical expertise, business and market understanding, and strategic thinking.

Partner with engineering teams and executives at SoC partners, ODMs, and OEMs to launch Chrome OS devices, aligned to market needs and timing.

Work collaboratively with engineering teams and peer platform product management teams globally.

Own hardware ecosystem scaling initiatives to advance and grow the Chrome OS ecosystem.

Define and own a holistic strategy and roadmap for Chrome OS and partner with SoC providers to plan and incorporate long-term architectural technologies.",Senior Product Manager Hardware Enablement Chrome os Platform Minimum qualification Bachelors degree Computer Science relate technical field equivalent practical experience year product management experience lead consumer electronicshardware product experience work soc manufacturer andor consumer electronic oems experience manage team product manager preferred qualification year product management experience lead consumer electronicshardware inception large scale user adoption year experience work computer mobile soc manufacturer experience manage daytoday technical design direction Knowledge multiple functional area Product Management Engineering UXUI Sales Customer support Finance Marketing job role lead global team product manager focus strategy execution reference design enable ecosystem chrome os device team leader platform hardware enablement partner closely hardware software engineering team business leader internally Google externally key partner soc manufacturer odm oem addition device bringup holistic strategy roadmap Chrome os focus ecosystem scale initiative initiative reduce device bringup time accelerate timetomarket important initiative enable user able enjoy speed security smart simplicity chrome os operating system education consumer enterprise market Google build product organize world information make universally accessible user Product Manager Google work new technology platform consumer face product andor enterprise system end goal match team well align interest experience impact Responsibilities lead global team product manager design execute roadmap hardware reference design Chrome os device combine deep technical expertise business market understand strategic thinking Partner engineering team executive soc partner odm oem launch chrome os device align market need time work collaboratively engineering team peer platform product management team globally own hardware ecosystem scale initiative advance grow chrome os ecosystem define holistic strategy roadmap Chrome os partner soc provider plan incorporate longterm architectural technology,externally new simplicity information design Bachelors large accelerate team internally Product organize initiative odm Partner closely relate daytoday roadmap Platform experience plan market role deep key holistic business platform world work Senior addition reduce manager bringup functional education qualification peer area goal reference Engineering field collaboratively architectural lead adoption Minimum execute consumer device electronic interest incorporate equivalent practical preferred security make thinking technology direction degree technical Marketing universally management provider Google align Enablement Manager software face Sales multiple manufacturer end Customer job speed Chrome launch support oems hardware focus mobile Computer oem strategy important need inception leader Knowledge impact timetomarket scale enterprise Finance system expertise global understand electronicshardware executive engineering well year globally build ecosystem chrome able partner accessible enable operating enablement Management match combine longterm grow product enjoy UXUI smart os Science user computer time define execution strategic manage andor advance Responsibilities Hardware own soc,simplicity information design accelerate team Product initiative odm Partner daytoday Platform experience plan market role business platform world addition manager bringup education qualification peer area goal reference Engineering field lead adoption execute consumer device interest security technology direction degree Marketing management provider Google align Enablement Manager software manufacturer Customer job speed Chrome launch support hardware focus mobile Computer oem strategy need inception leader Knowledge impact timetomarket scale enterprise Finance system expertise engineering year ecosystem partner enablement Management match longterm product Science user computer time execution manage andor advance Hardware soc,able accelerate accessible addition adoption advance align andor architectural area bachelors bringup build business chrome closely collaboratively combine computer consumer customer daytoday deep define degree design device direction ecosystem education electronic electronicshardware enable enablement end engineering enjoy enterprise equivalent execute execution executive experience expertise externally face field finance focus functional global globally goal google grow hardware holistic impact important inception incorporate information initiative interest internally job key knowledge large launch lead leader longterm make manage management manager manufacturer market marketing match minimum mobile multiple need new odm oem oems operating organize os own partner peer plan platform practical preferred product provider qualification reduce reference relate responsibilities roadmap role sales scale science security senior simplicity smart soc software speed strategic strategy support system team technical technology thinking time timetomarket understand universally user uxui well work world year
Senior Software Developer.docx,"Senior Software Developer

Senior Software Engineer will develop information systems by studying operations; designing, developing and installing software solutions; support and develop software team. The Senior Software Engineer will lead a team of developers responsible for building new and support existing websites.

Ability to prioritize well, communicate clearly, have a consistent track record of delivery and excellent software engineering skills. Creative engineering balanced with high quality and a customer focus. Must be able to work across multiple facets of the project and juggle multiple responsibilities at the same time. Strong analytic capability and the ability to create innovative solutions. We are looking for a highly motivated individual who is looking to grow their career in a fast-paced environment.

· Analytical problem solving

· Ability to manage projects to successful completion, multi-task, and work within tight deadlines

· Proactive at work

· At least 3+ years industry experience in PHP, Core PHP, Laravel and Angular

· Experience in enterprise application, application logic, library architecture

· Expertise in Data Structures and algorithms

· Familiar with various design and architectural patterns

· Knack for writing clean, readable code

· Should know how to lead the team.
Fairly Good Communication Skill, Expertise in Core PHP and experience in Code Igniter framework

Job Type: Full-time

Salary: ₹30,000.00 - ₹70,000.00 per month

Experience:

Wordpress: 3 years (Preferred)

PHP: 3 years (Preferred)

total work: 3 years (Preferred)

Education:

Bachelor's (Preferred)

Work Remotely:

No",Senior Software Developer Senior Software Engineer develop information system study operation design develop instal software solution support develop software team Senior Software Engineer lead team developer responsible build new support exist website ability prioritize well communicate clearly consistent track record delivery excellent software engineering skill creative engineering balanced high quality customer focus able work multiple facet project juggle multiple responsibility time strong analytic capability ability create innovative solution look highly motivated individual look grow career fastpaced environment Analytical problem solve ability manage project successful completion multitask work tight deadline proactive work least year industry experience PHP Core PHP Laravel Angular experience enterprise application application logic library architecture Expertise Data Structures algorithm familiar various design architectural pattern Knack write clean readable code know lead team fairly good Communication Skill Expertise Core PHP experience Code Igniter framework Job Type Fulltime Salary month experience Wordpress year Preferred PHP year preferred total work year Preferred Education Bachelors Preferred work remotely,new information career operation design Bachelors strong team framework Job Developer industry Preferred experience project work Salary Senior Wordpress motivated solve Analytical website tight Skill high architectural lead capability individual problem consistent facet Fulltime track readable preferred Code least innovative skill successful environment software Expertise multiple fairly Type quality exist write Engineer support various focus Structures excellent good architecture communicate creative multitask ability solution Core application library enterprise look system balanced pattern proactive analytic responsible Software month Communication prioritize well engineering Angular year build able Laravel fastpaced algorithm know completion grow create delivery deadline study developer PHP logic customer Igniter clean time Knack responsibility clearly total Data highly Education code manage develop remotely juggle record familiar instal,information career operation design team framework Job Developer industry experience project work Salary Senior Wordpress website Skill lead capability problem facet Fulltime track Code skill environment software Expertise Type quality Engineer focus Structures architecture multitask ability solution Core application library enterprise look system pattern Software month Communication year Laravel algorithm completion create delivery deadline study developer PHP logic customer Igniter time Knack responsibility Data Education code manage juggle record instal,ability able algorithm analytic analytical angular application architectural architecture bachelors balanced build capability career clean clearly code communicate communication completion consistent core create creative customer data deadline delivery design develop developer education engineer engineering enterprise environment excellent exist experience expertise facet fairly familiar fastpaced focus framework fulltime good grow high highly igniter individual industry information innovative instal job juggle knack know laravel lead least library logic look manage month motivated multiple multitask new operation pattern php preferred prioritize proactive problem project quality readable record remotely responsibility responsible salary senior skill software solution solve strong structures study successful support system team tight time total track type various website well wordpress work write year
Web Developer.docx,"Web Developer

We are looking for an outstanding Web Developer to be responsible for the coding, innovative design and layout of client websites. Web developer responsibilities include building our website from concept all the way to completion from the bottom up, fashioning everything from the home page to site layout and function.

Most of the web development work will be via CMS using Drupal & Wordpress
Responsibilities

Write well designed, testable, efficient code by using best software development practices

Create website layout/user interface by using standard HTML/CSS practices

Integrate data from various back-end services and databases

Gather and refine specifications and requirements based on technical needs

Create and maintain software documentation

Be responsible for maintaining, expanding, and scaling our site

Stay plugged into emerging technologies/industry trends and apply them into operations and activities

Cooperate with designers to match visual design intent

Requirements

Proven working experience in web programming

Top-notch programming skills and in-depth knowledge of modern HTML/CSS, Javascript and PHP

A solid understanding of how web applications work including security, session management, and best development practices

Adequate knowledge of relational database systems, Object Oriented Programming and web application development

Hands-on experience with website performance optimization

Knowledge of Search Engine Optimization process

Ability to work and thrive in a fast-paced environment, learn rapidly and master diverse web technologies and techniques.

BS in computer science or a related field

Application Deadline: 18/9/2020

Job Type: Full-time

Salary: ₹25,000.00 - ₹50,000.00 per month

Experience:

Web Development: 1 year (Required)

total work: 2 years (Required)

CSS: 1 year (Required)

Education:

Bachelor's (Preferred)

Programming Languages needed:

HTML (Required)

CSS (Required)

PHP (Required)

JavaScript (Required)",web developer look outstanding web developer responsible code innovative design layout client website web developer responsibility include building website concept way completion bottom fashion home page site layout function Most web development work CMS use Drupal Wordpress Responsibilities Write well design testable efficient code use good software development practice create website layoutuser interface use standard htmlcss practice Integrate datum various backend service database Gather refine specification requirement base technical need Create maintain software documentation be responsible maintaining expand scale site stay plug emerge technologiesindustry trend apply operation activity cooperate designer match visual design intent Requirements Proven working experience web programming topnotch programming skill indepth knowledge modern HTMLCSS Javascript PHP solid understanding web application work include security session management good development practice adequate knowledge relational database system Object orient Programming web application development Handson experience website performance optimization Knowledge Search Engine Optimization process ability work thrive fastpaced environment learn rapidly master diverse web technology technique bs computer science relate field Application Deadline Job Type Fulltime Salary month experience web Development year required total work year Required css year Required Education Bachelors Preferred Programming Languages need HTML Required CSS Required PHP Required JavaScript Required,standard master solid design Most operation Bachelors working technologiesindustry Job CSS Object way Write Create Preferred service relate layout adequate experience apply home backend work Wordpress Salary datum efficient documentation Drupal science learn include Programming optimization CMS website process interface maintaining cooperate bs field rapidly outstanding Development Proven modern understanding be designer htmlcss Fulltime required security technology HTML innovative technical session management intent technique visual base Required skill environment site software performance Type page concept bottom topnotch various refine Application fashion practice Optimization Deadline Engine web good need Requirements specification trend JavaScript Knowledge ability application scale look requirement system use diverse development indepth emerge Search css client testable month responsible well Javascript year HTMLCSS Gather relational match Handson thrive fastpaced programming orient maintain completion stay expand Integrate create building developer PHP activity knowledge function computer database layoutuser responsibility total Education Languages code plug Responsibilities,master design operation technologiesindustry Job CSS Object way Create Preferred service relate experience home backend work Wordpress Salary datum documentation Drupal science Programming optimization CMS website process interface cooperate bs field Development Proven understanding designer Fulltime security technology HTML session management intent technique base skill environment site software performance Type page concept topnotch refine Application fashion practice Optimization Deadline Engine need Requirements specification trend JavaScript Knowledge ability application scale look requirement system development indepth emerge Search css client month Javascript year HTMLCSS Gather match Handson programming orient completion stay Integrate building developer PHP activity knowledge function computer database layoutuser responsibility total Education Languages code plug,ability activity adequate application apply bachelors backend base be bottom bs building client cms code completion computer concept cooperate create css database datum deadline design designer developer development diverse documentation drupal education efficient emerge engine environment expand experience fashion fastpaced field fulltime function gather good handson home html htmlcss include indepth innovative integrate intent interface javascript job knowledge languages layout layoutuser learn look maintain maintaining management master match modern month most need object operation optimization orient outstanding page performance php plug practice preferred process programming proven rapidly refine relate relational required requirement requirements responsibilities responsibility responsible salary scale science search security service session site skill software solid specification standard stay system technical technique technologiesindustry technology testable thrive topnotch total trend type understanding use various visual way web website well wordpress work working write year
